{"stats":{"minecraft:custom":{"minecraft:jump":15,"minecraft:intelligence":0,"minecraft:time_since_rest":25712,"minecraft:energy":50,"minecraft:blood":0,"minecraft:magic_shield":0,"minecraft:leave_game":1,"minecraft:crouch_one_cm":22,"minecraft:health":100,"minecraft:sprint_one_cm":335,"minecraft:play_time":25712,"minecraft:time_since_death":25712,"minecraft:move_speed":0,"minecraft:walk_one_cm":2334,"minecraft:strength":0,"minecraft:sneak_time":41,"minecraft:total_world_time":25712,"minecraft:fly_one_cm":786,"minecraft:mana":50,"minecraft:dexterity":0}},"DataVersion":3465}