{"stats":{"minecraft:custom":{"minecraft:time_since_rest":37712,"minecraft:blood":0,"minecraft:magic_shield":0,"minecraft:crouch_one_cm":110,"minecraft:play_time":37712,"minecraft:sprint_one_cm":436,"minecraft:walk_one_cm":3385,"minecraft:sneak_time":1519,"minecraft:dexterity":0,"minecraft:damage_dealt_resisted":4,"minecraft:jump":26,"minecraft:intelligence":0,"minecraft:energy":50,"minecraft:damage_dealt":33,"minecraft:walk_on_water_one_cm":394,"minecraft:leave_game":1,"minecraft:health":100,"minecraft:move_speed":0,"minecraft:time_since_death":37712,"minecraft:strength":0,"minecraft:total_world_time":37712,"minecraft:climb_one_cm":343,"minecraft:damage_dealt_absorbed":5,"minecraft:mana":50,"minecraft:fly_one_cm":237003},"minecraft:used":{"minecraft:jungle_log":4}},"DataVersion":3465}